Ax,Ay,Az,Gx,Gy,Gz,Label
-0.050,-0.032,1.002,0.626,0.550,0.634,Idle
-0.047,-0.031,1.001,0.359,0.802,0.221,Idle
-0.047,-0.034,1.006,0.641,0.328,0.298,Idle
-0.045,-0.034,1.002,0.511,0.649,0.397,Idle
-0.046,-0.030,1.000,0.573,0.573,0.351,Idle
-0.043,-0.033,1.005,0.496,0.550,0.344,Idle
-0.042,-0.033,1.010,0.412,0.603,0.405,Idle
-0.047,-0.031,1.007,0.588,0.809,0.237,Idle
-0.045,-0.030,0.999,0.603,0.626,0.305,Idle
-0.045,-0.027,1.004,0.725,0.412,0.382,Idle
-0.031,-0.040,0.990,0.725,0.977,0.290,Pitch
-0.038,-0.035,1.005,0.534,0.832,0.458,Pitch
-0.048,-0.029,1.011,0.237,0.580,0.252,Pitch
-0.048,-0.034,1.006,0.565,0.580,0.267,Pitch
-0.047,-0.034,1.011,0.664,0.817,0.412,Pitch
-0.042,-0.031,1.009,0.641,0.725,0.328,Pitch
-0.040,-0.034,1.007,0.802,0.756,0.153,Pitch
-0.045,-0.034,1.009,0.489,0.786,0.427,Pitch
-0.045,-0.034,1.005,0.802,0.733,0.244,Pitch
-0.042,-0.033,1.004,0.542,0.618,0.580,Pitch
-0.047,-0.031,1.005,0.260,0.740,0.282,Pitch
-0.041,-0.039,1.006,0.534,0.588,0.450,Pitch
-0.046,-0.031,1.003,0.527,0.573,0.374,Pitch
-0.044,-0.029,1.001,0.359,0.557,0.374,Pitch
-0.040,-0.036,1.000,0.618,0.702,0.153,Pitch
-0.045,-0.032,1.004,0.580,0.702,0.321,Pitch
-0.052,-0.036,1.010,0.397,0.450,0.397,Pitch
-0.045,-0.042,1.013,0.397,0.450,0.145,Pitch
-0.043,-0.038,1.004,0.565,0.947,0.137,Pitch
-0.041,-0.036,1.010,0.641,0.679,0.298,Pitch
-0.043,-0.031,1.011,0.305,0.656,0.351,Pitch
-0.045,-0.038,1.015,0.534,0.702,0.229,Pitch
-0.047,-0.032,1.008,0.382,0.779,0.160,Pitch
-0.044,-0.033,1.009,0.542,0.656,0.153,Pitch
-0.044,-0.031,1.004,0.489,0.626,0.481,Pitch
0.111,-0.044,0.981,4.893,-36.069,-1.344,Pitch
0.134,-0.022,0.977,5.229,-31.137,2.328,Pitch
0.157,-0.013,0.973,1.122,-20.229,1.733,Pitch
0.173,-0.015,0.930,-14.145,31.962,1.435,Pitch
0.198,-0.039,0.689,-36.412,193.351,0.916,Pitch
0.070,-0.039,1.067,-29.611,250.130,-2.511,Pitch
-0.294,0.026,1.219,-30.282,150.565,-19.504,Pitch
-0.193,-0.216,0.961,-28.168,58.298,-11.893,Pitch
-0.249,-0.125,1.067,-23.718,12.290,3.824,Pitch
-0.438,-0.141,1.229,-12.710,-85.939,-3.718,Pitch
-0.354,-0.168,1.203,-9.962,-198.618,-15.160,Pitch
-0.042,-0.094,1.000,29.397,-232.008,-20.328,Pitch
0.183,-0.028,0.807,67.069,-202.954,-9.084,Pitch
0.314,-0.038,0.778,64.802,-131.069,7.069,Pitch
0.353,0.000,0.777,28.183,-34.931,12.099,Pitch
0.434,0.052,0.599,-17.412,136.679,13.664,Pitch
0.323,-0.034,0.748,-35.573,250.130,22.931,Pitch
-0.231,-0.134,1.177,-34.519,209.893,22.267,Pitch
-0.450,-0.147,1.385,-4.160,37.282,10.412,Pitch
-0.514,-0.172,1.384,-51.718,-77.771,-22.565,Pitch
-0.159,-0.228,1.162,-6.763,-165.084,-11.275,Pitch
0.158,-0.040,0.910,52.183,-179.321,8.504,Pitch
0.282,0.055,0.770,55.985,-144.649,15.794,Pitch
0.519,0.099,0.358,-3.595,25.641,9.534,Pitch
0.409,0.062,0.551,-80.710,250.130,22.397,Pitch
-0.189,-0.232,1.240,-22.435,221.420,32.305,Pitch
-0.286,-0.149,1.233,51.076,73.542,21.031,Pitch
-0.446,-0.137,1.323,-11.443,-51.466,-14.214,Pitch
-0.402,-0.201,1.414,3.153,-228.565,-35.863,Pitch
-0.008,-0.071,1.048,50.802,-250.137,-31.870,Pitch
0.347,0.019,0.750,76.672,-155.863,-1.466,Pitch
0.440,0.058,0.614,37.244,-50.908,5.420,Pitch
0.611,0.086,0.427,-26.076,59.160,-5.076,Pitch
0.621,0.048,0.426,-54.939,230.107,4.557,Pitch
0.031,-0.063,0.916,-62.580,250.130,15.244,Pitch
-0.339,-0.211,1.347,3.443,156.595,25.053,Pitch
-0.391,-0.154,1.188,24.740,38.519,15.290,Pitch
-0.545,-0.113,1.461,-16.298,-89.328,-21.092,Pitch
-0.268,-0.146,1.270,2.412,-234.450,-43.313,Pitch
0.176,-0.036,0.900,50.183,-202.702,-30.626,Pitch
0.345,0.060,0.755,52.252,-108.641,-11.397,Pitch
0.519,0.075,0.491,20.954,6.420,0.160,Pitch
0.712,0.099,0.331,-36.595,218.023,8.450,Pitch
0.083,-0.058,0.936,-62.313,250.130,20.198,Pitch
-0.375,-0.233,1.398,23.855,148.450,27.756,Pitch
-0.411,-0.095,1.178,10.374,39.427,9.656,Pitch
-0.522,-0.159,1.397,-15.450,-60.817,-11.527,Pitch
-0.396,-0.120,1.382,-8.565,-211.954,-32.771,Pitch
-0.030,-0.071,0.988,35.458,-250.137,-25.924,Pitch
0.329,0.071,0.692,59.779,-184.855,0.412,Pitch
0.499,0.083,0.615,35.855,-100.214,8.534,Pitch
0.583,0.101,0.449,11.763,36.099,8.702,Pitch
0.545,0.102,0.430,-42.954,228.168,9.542,Pitch
0.010,-0.058,0.934,-66.069,250.130,6.824,Pitch
-0.390,-0.187,1.544,20.954,170.626,9.366,Pitch
-0.371,-0.106,1.207,-11.450,81.412,-2.511,Pitch
-0.392,-0.177,1.273,-28.427,-18.656,-8.351,Pitch
-0.442,-0.094,1.456,-36.733,-194.733,-30.397,Pitch
-0.052,-0.105,1.026,8.809,-250.137,-31.420,Pitch
0.350,0.049,0.714,65.702,-221.183,-5.771,Pitch
0.514,0.095,0.549,41.832,-131.038,3.374,Pitch
0.588,0.056,0.380,8.969,-17.229,2.718,Pitch
0.620,0.135,0.321,-19.046,208.511,14.947,Pitch
-0.002,-0.037,0.995,-74.947,250.130,14.824,Pitch
-0.282,-0.267,1.566,19.031,207.962,14.893,Pitch
-0.333,-0.121,1.201,23.908,79.473,9.969,Pitch
-0.325,-0.167,1.145,-15.863,-4.229,6.405,Pitch
-0.433,-0.128,1.474,-23.878,-89.473,-9.710,Pitch
-0.195,-0.061,1.274,-23.885,-226.588,-21.389,Pitch
0.221,0.023,0.777,37.679,-250.137,-17.443,Pitch
0.505,0.104,0.516,46.321,-188.527,-5.481,Pitch
0.740,0.094,0.204,-2.145,29.405,5.427,Pitch
0.514,0.044,0.461,-37.550,250.130,20.824,Pitch
-0.095,-0.130,1.157,-60.885,250.130,16.496,Pitch
-0.227,-0.178,1.331,33.450,194.817,25.977,Pitch
-0.278,-0.187,0.976,26.779,136.481,21.031,Pitch
-0.416,-0.050,1.222,11.023,74.244,4.588,Pitch
-0.411,-0.073,1.211,-3.298,3.435,-10.000,Pitch
-0.483,-0.085,1.404,-36.763,-167.412,-38.145,Pitch
-0.236,-0.105,1.220,-79.099,-250.137,-60.847,Pitch
0.213,-0.064,0.750,-22.489,-250.137,-50.191,Pitch
0.508,-0.033,0.587,36.786,-177.794,-12.901,Pitch
0.429,0.024,0.606,34.672,-85.969,5.885,Pitch
0.438,-0.038,0.544,36.374,27.664,16.336,Pitch
0.458,0.041,0.600,21.985,212.939,41.664,Pitch
0.040,-0.081,1.011,-18.443,250.130,46.267,Pitch
-0.280,-0.162,1.370,60.771,250.130,38.908,Pitch
-0.477,-0.106,1.212,29.427,105.611,8.550,Pitch
-0.442,-0.142,1.245,-0.962,-23.504,-0.931,Pitch
-0.514,-0.075,1.494,-28.878,-170.481,-20.832,Pitch
-0.176,-0.073,1.153,-29.618,-250.137,-15.374,Pitch
0.262,-0.035,0.658,35.718,-239.672,6.053,Pitch
0.457,0.134,0.579,49.534,-153.397,22.275,Pitch
0.484,0.036,0.607,17.702,-68.260,4.183,Pitch
0.579,0.034,0.383,9.420,143.466,8.237,Pitch
0.397,0.022,0.675,-19.947,250.130,20.595,Pitch
-0.265,-0.119,1.308,31.145,250.130,16.863,Pitch
-0.557,-0.061,1.168,43.267,130.885,3.191,Pitch
-0.394,-0.156,1.178,4.809,61.878,-8.924,Pitch
-0.433,0.010,1.275,-2.779,-2.557,-14.153,Pitch
-0.523,0.030,1.491,-25.519,-169.046,-22.260,Pitch
-0.236,-0.024,1.211,-47.740,-250.137,-33.580,Pitch
0.154,-0.059,0.700,14.229,-250.137,-21.023,Pitch
0.361,-0.036,0.727,71.733,-250.137,8.595,Pitch
0.524,0.022,0.677,60.901,-218.763,12.374,Pitch
0.523,0.194,0.646,29.863,-106.359,6.832,Pitch
0.612,0.107,0.521,2.977,67.015,1.565,Pitch
0.675,0.129,0.355,4.847,250.130,13.481,Pitch
0.194,0.063,0.855,-22.076,250.130,-16.191,Pitch
-0.148,-0.103,1.035,-23.573,250.130,-15.519,Pitch
-0.374,-0.105,1.315,-10.427,246.756,-8.229,Pitch
-0.420,-0.032,1.189,-12.611,143.641,-8.313,Pitch
-0.398,0.008,1.151,-12.664,38.443,-3.519,Pitch
-0.505,-0.020,1.377,-5.550,-80.115,-1.023,Pitch
-0.363,0.016,1.305,-28.588,-243.489,-15.489,Pitch
-0.055,-0.016,0.968,-15.969,-250.137,-21.702,Pitch
0.219,0.025,0.609,27.084,-250.137,-22.344,Pitch
0.440,0.060,0.743,9.771,-228.031,-30.107,Pitch
0.408,0.062,0.876,-6.382,-147.038,-33.107,Pitch
0.452,0.057,0.822,4.947,-72.519,-30.687,Pitch
0.658,0.028,0.507,19.985,125.947,1.374,Pitch
0.611,0.086,0.551,-13.725,250.130,47.115,Pitch
0.163,0.025,0.866,-35.573,250.130,43.405,Pitch
-0.101,-0.171,1.167,-3.336,250.130,36.336,Pitch
-0.223,-0.044,1.073,21.588,250.130,25.901,Pitch
-0.471,0.008,1.121,-3.786,169.878,4.145,Pitch
-0.446,-0.030,1.107,1.519,48.779,6.626,Pitch
-0.552,-0.066,1.225,1.489,-60.389,9.802,Pitch
-0.523,-0.010,1.299,-25.282,-250.137,-18.290,Pitch
-0.121,-0.000,1.048,-44.611,-250.137,-37.405,Pitch
0.231,-0.001,0.760,-10.260,-250.137,-44.481,Pitch
0.286,-0.080,0.836,45.427,-224.542,-21.382,Pitch
0.361,0.024,0.873,49.962,-207.924,-16.534,Pitch
0.472,0.102,0.756,20.298,-158.313,-25.595,Pitch
0.522,0.059,0.767,-0.382,-69.863,-16.466,Pitch
0.637,0.072,0.585,-1.771,54.382,7.275,Pitch
0.558,-0.006,0.516,-8.573,250.130,37.260,Pitch
0.336,-0.019,0.836,-40.725,250.130,37.496,Pitch
0.078,-0.056,0.921,-46.466,250.130,34.366,Pitch
-0.094,-0.098,1.006,11.916,250.130,43.191,Pitch
-0.401,0.021,1.207,4.511,250.130,19.183,Pitch
-0.446,-0.050,1.051,14.366,119.359,7.710,Pitch
-0.410,-0.037,1.068,8.130,30.985,6.855,Pitch
-0.488,-0.079,1.140,20.985,-26.969,-4.168,Pitch
-0.672,-0.016,1.335,-8.198,-178.115,-23.122,Pitch
-0.318,-0.052,1.097,-32.351,-250.137,-32.099,Pitch
-0.038,-0.054,0.900,-6.893,-250.137,-29.969,Pitch
0.134,-0.034,0.940,23.725,-250.137,-28.214,Pitch
0.384,0.009,0.776,29.122,-250.137,-40.290,Pitch
0.496,0.020,0.692,30.084,-232.511,-37.580,Pitch
0.601,0.111,0.742,25.313,-183.573,-36.076,Pitch
0.674,0.098,0.671,4.214,-132.290,-26.695,Pitch
0.802,0.093,0.575,-1.344,-4.809,4.389,Pitch
0.814,0.026,0.354,11.779,234.084,63.359,Pitch
0.548,0.022,0.687,-20.679,250.130,72.527,Pitch
0.338,-0.016,0.660,-40.244,250.130,50.725,Pitch
0.037,-0.099,0.822,-16.099,250.130,55.702,Pitch
-0.267,-0.098,1.118,26.496,250.130,62.374,Pitch
-0.490,0.052,1.286,22.794,250.130,23.366,Pitch
-0.430,-0.076,0.959,16.305,119.718,8.718,Pitch
-0.495,-0.001,1.117,-15.122,25.351,-2.687,Pitch
-0.615,-0.039,1.286,-28.397,-76.084,-21.725,Pitch
-0.660,-0.130,1.243,-42.076,-225.389,-35.779,Pitch
-0.254,-0.082,1.069,-22.695,-250.137,-37.183,Pitch
-0.020,-0.038,1.010,4.076,-250.137,-42.191,Pitch
0.204,-0.045,0.875,40.275,-250.137,-59.786,Pitch
0.528,0.065,0.634,49.489,-250.137,-57.260,Pitch
0.680,0.124,0.581,23.794,-188.115,-39.573,Pitch
0.673,0.079,0.679,9.221,-68.924,-12.924,Pitch
0.850,0.111,0.494,18.565,55.427,12.252,Pitch
0.783,0.044,0.300,-3.359,250.130,64.221,Pitch
0.424,0.050,0.559,-55.382,250.130,43.038,Pitch
0.178,-0.090,0.794,-30.466,250.130,41.855,Pitch
-0.246,-0.082,1.194,9.427,250.130,43.237,Pitch
-0.497,-0.038,1.298,25.427,250.130,27.863,Pitch
-0.322,-0.083,0.934,24.931,116.794,29.412,Pitch
-0.462,-0.002,1.083,2.382,53.053,15.130,Pitch
-0.508,-0.062,1.187,8.359,-15.664,0.527,Pitch
-0.449,-0.055,1.183,-7.260,-98.351,-5.427,Pitch
-0.515,-0.000,1.182,-8.916,-224.206,-5.756,Pitch
-0.274,0.057,1.032,-24.969,-250.137,-41.130,Pitch
0.039,-0.043,0.952,0.855,-250.137,-53.282,Pitch
0.259,-0.081,0.960,57.672,-250.137,-32.603,Pitch
0.404,0.054,0.778,23.160,-250.137,-42.687,Pitch
0.548,0.111,0.602,-15.580,-250.137,-56.206,Pitch
0.720,0.106,0.598,-1.359,-182.084,-50.206,Pitch
0.747,0.124,0.568,5.275,-113.252,-31.260,Pitch
0.755,0.073,0.594,-4.496,-39.061,-8.176,Pitch
0.878,0.091,0.414,-5.817,86.153,30.931,Pitch
0.906,0.036,0.362,-0.031,250.130,82.695,Pitch
0.569,0.048,0.688,-25.847,250.130,76.519,Pitch
0.275,0.035,0.809,-51.557,250.130,41.122,Pitch
0.160,-0.128,0.768,-29.420,250.130,45.153,Pitch
-0.034,-0.171,0.946,14.977,250.130,70.076,Pitch
-0.468,0.019,1.311,24.252,250.130,41.992,Pitch
-0.400,0.060,1.048,10.695,161.878,-3.145,Pitch
-0.361,-0.096,0.982,-16.008,97.031,-8.557,Pitch
-0.454,-0.059,1.056,-15.023,57.267,-1.977,Pitch
-0.491,-0.093,1.042,-16.832,-3.374,-9.534,Pitch
-0.591,-0.030,1.237,-19.389,-114.351,-16.053,Pitch
